member,scenario,region,historical_continuous_quality_km2_hsi,future_continuous_quality_km2_hsi,continuous_quality_reduction_pct,continuous_quality_retention_pct
gfdl_esm4_r1i1p1f1_gr,ssp126_2050,Global,3294446.287058711,2249419.469858007,31.720863724680918,68.27913627531909
gfdl_esm4_r1i1p1f1_gr,ssp126_2050,Caribbean,501505.0858834302,271607.2713033337,45.8415719105058,54.1584280894942
gfdl_esm4_r1i1p1f1_gr,ssp126_2050,GBR,159755.9361868833,99234.28026294695,37.883822891650055,62.116177108349945
gfdl_esm4_r1i1p1f1_gr,ssp126_2050,Southeast_Asia,946531.8348081147,635658.3276641926,32.84342857912896,67.15657142087103
cnrm_esm2_1_r1i1p1f2_gn,ssp126_2050,Global,3294446.287058711,2489136.352871906,24.444469996376462,75.55553000362355
cnrm_esm2_1_r1i1p1f2_gn,ssp126_2050,Caribbean,501505.0858834302,327388.9747385379,34.718712939506226,65.28128706049378
cnrm_esm2_1_r1i1p1f2_gn,ssp126_2050,GBR,159755.9361868833,124859.04444935586,21.84387796188361,78.1561220381164
cnrm_esm2_1_r1i1p1f2_gn,ssp126_2050,Southeast_Asia,946531.8348081147,716109.2052064971,24.343885871343133,75.65611412865687
ipsl_cm6a_lr_r1i1p1f1_gn,ssp126_2050,Global,3294446.287058711,2520290.244118307,23.49882121257993,76.50117878742006
ipsl_cm6a_lr_r1i1p1f1_gn,ssp126_2050,Caribbean,501505.0858834302,426416.3520157741,14.972676445620275,85.02732355437972
ipsl_cm6a_lr_r1i1p1f1_gn,ssp126_2050,GBR,159755.9361868833,132659.9412343265,16.960868935010815,83.03913106498918
ipsl_cm6a_lr_r1i1p1f1_gn,ssp126_2050,Southeast_Asia,946531.8348081147,626994.9529319284,33.758704158213995,66.24129584178601
gfdl_esm4_r1i1p1f1_gr,ssp245_2050,Global,3294446.287058711,2228867.392088516,32.34470384768501,67.65529615231499
gfdl_esm4_r1i1p1f1_gr,ssp245_2050,Caribbean,501505.0858834302,280062.2928727658,44.15564253363056,55.84435746636944
gfdl_esm4_r1i1p1f1_gr,ssp245_2050,GBR,159755.9361868833,101965.03920266817,36.174491141669414,63.825508858330586
gfdl_esm4_r1i1p1f1_gr,ssp245_2050,Southeast_Asia,946531.8348081147,609394.5823957591,35.61816306798615,64.38183693201384
cnrm_esm2_1_r1i1p1f2_gn,ssp245_2050,Global,3294446.287058711,2435123.3216428673,26.0839877338856,73.91601226611441
cnrm_esm2_1_r1i1p1f2_gn,ssp245_2050,Caribbean,501505.0858834302,329550.522583825,34.28770079104927,65.71229920895072
cnrm_esm2_1_r1i1p1f2_gn,ssp245_2050,GBR,159755.9361868833,128987.53214748777,19.259631143472816,80.74036885652718
cnrm_esm2_1_r1i1p1f2_gn,ssp245_2050,Southeast_Asia,946531.8348081147,674465.3622077834,28.743510000959017,71.256489999041
ipsl_cm6a_lr_r1i1p1f1_gn,ssp245_2050,Global,3294446.287058711,2430084.6750505003,26.236931389763672,73.76306861023633
ipsl_cm6a_lr_r1i1p1f1_gn,ssp245_2050,Caribbean,501505.0858834302,431179.6680890252,14.022872304579469,85.97712769542052
ipsl_cm6a_lr_r1i1p1f1_gn,ssp245_2050,GBR,159755.9361868833,128928.72195561597,19.29644366717335,80.70355633282665
ipsl_cm6a_lr_r1i1p1f1_gn,ssp245_2050,Southeast_Asia,946531.8348081147,578140.8120034339,38.920087973518896,61.079912026481104
gfdl_esm4_r1i1p1f1_gr,ssp585_2050,Global,3294446.287058711,2161028.635167092,34.40388924669756,65.59611075330244
gfdl_esm4_r1i1p1f1_gr,ssp585_2050,Caribbean,501505.0858834302,279033.43526517035,44.36079650645281,55.63920349354719
gfdl_esm4_r1i1p1f1_gr,ssp585_2050,GBR,159755.9361868833,105244.79532696682,34.12151195192464,65.87848804807537
gfdl_esm4_r1i1p1f1_gr,ssp585_2050,Southeast_Asia,946531.8348081147,563127.7391027561,40.50620186304499,59.49379813695501
cnrm_esm2_1_r1i1p1f2_gn,ssp585_2050,Global,3294446.287058711,2323891.750464502,29.460323587813672,70.53967641218632
cnrm_esm2_1_r1i1p1f2_gn,ssp585_2050,Caribbean,501505.0858834302,320917.00372499507,36.009222486810636,63.990777513189364
cnrm_esm2_1_r1i1p1f2_gn,ssp585_2050,GBR,159755.9361868833,122099.25251790797,23.57138305328721,76.4286169467128
cnrm_esm2_1_r1i1p1f2_gn,ssp585_2050,Southeast_Asia,946531.8348081147,633971.1738724982,33.021674437287174,66.97832556271283
ipsl_cm6a_lr_r1i1p1f1_gn,ssp585_2050,Global,3294446.287058711,2278334.86803623,30.8431624159114,69.1568375840886
ipsl_cm6a_lr_r1i1p1f1_gn,ssp585_2050,Caribbean,501505.0858834302,431587.57228079095,13.941536301566218,86.05846369843378
ipsl_cm6a_lr_r1i1p1f1_gn,ssp585_2050,GBR,159755.9361868833,126926.10381794813,20.5499921646296,79.4500078353704
ipsl_cm6a_lr_r1i1p1f1_gn,ssp585_2050,Southeast_Asia,946531.8348081147,507114.8278738622,46.42390152924261,53.57609847075739
