scenario,region,historical_continuous_quality_km2_hsi_mean,historical_continuous_quality_km2_hsi_min,historical_continuous_quality_km2_hsi_max,future_continuous_quality_km2_hsi_mean,future_continuous_quality_km2_hsi_min,future_continuous_quality_km2_hsi_max,continuous_quality_reduction_pct_mean,continuous_quality_reduction_pct_min,continuous_quality_reduction_pct_max,continuous_quality_retention_pct_mean,continuous_quality_retention_pct_min,continuous_quality_retention_pct_max
ssp126_2050,Global,3294446.287058711,3294446.287058711,3294446.287058711,2419615.3556160736,2249419.469858007,2520290.244118307,26.554718311212437,23.49882121257993,31.720863724680918,73.44528168878757,68.27913627531909,76.50117878742006
ssp126_2050,Caribbean,501505.0858834302,501505.0858834302,501505.0858834302,341804.1993525486,271607.2713033337,426416.3520157741,31.844320431877435,14.972676445620275,45.8415719105058,68.15567956812258,54.1584280894942,85.02732355437972
ssp126_2050,GBR,159755.9361868833,159755.9361868833,159755.9361868833,118917.75531554311,99234.28026294695,132659.9412343265,25.562856596181494,16.960868935010815,37.883822891650055,74.4371434038185,62.116177108349945,83.03913106498918
ssp126_2050,Southeast_Asia,946531.8348081146,946531.8348081147,946531.8348081147,659587.4952675394,626994.9529319284,716109.2052064971,30.315339536228695,24.343885871343133,33.758704158213995,69.68466046377131,66.24129584178601,75.65611412865687
ssp245_2050,Global,3294446.287058711,3294446.287058711,3294446.287058711,2364691.796260628,2228867.392088516,2435123.3216428673,28.221874323778096,26.0839877338856,32.34470384768501,71.7781256762219,67.65529615231499,73.91601226611441
ssp245_2050,Caribbean,501505.0858834302,501505.0858834302,501505.0858834302,346930.8278485387,280062.2928727658,431179.6680890252,30.822071876419766,14.022872304579469,44.15564253363056,69.17792812358023,55.84435746636944,85.97712769542052
ssp245_2050,GBR,159755.9361868833,159755.9361868833,159755.9361868833,119960.43110192397,101965.03920266817,128987.53214748777,24.910188650771858,19.259631143472816,36.174491141669414,75.08981134922813,63.825508858330586,80.74036885652718
ssp245_2050,Southeast_Asia,946531.8348081146,946531.8348081147,946531.8348081147,620666.9188689921,578140.8120034339,674465.3622077834,34.42725368082136,28.743510000959017,38.920087973518896,65.57274631917865,61.079912026481104,71.256489999041
ssp585_2050,Global,3294446.287058711,3294446.287058711,3294446.287058711,2254418.4178892747,2161028.635167092,2323891.750464502,31.56912508347421,29.460323587813672,34.40388924669756,68.4308749165258,65.59611075330244,70.53967641218632
ssp585_2050,Caribbean,501505.0858834302,501505.0858834302,501505.0858834302,343846.0037569855,279033.43526517035,431587.57228079095,31.437185098276554,13.941536301566218,44.36079650645281,68.56281490172346,55.63920349354719,86.05846369843378
ssp585_2050,GBR,159755.9361868833,159755.9361868833,159755.9361868833,118090.0505542743,105244.79532696682,126926.10381794813,26.08096238994715,20.5499921646296,34.12151195192464,73.91903761005285,65.87848804807537,79.4500078353704
ssp585_2050,Southeast_Asia,946531.8348081146,946531.8348081147,946531.8348081147,568071.2469497055,507114.8278738622,633971.1738724982,39.98392594319159,33.021674437287174,46.42390152924261,60.01607405680841,53.57609847075739,66.97832556271283
