region,scenario,future_mpei_vs_climate_area_changed_pct,area_changed_lower_95,area_changed_upper_95,future_mpei_vs_climate_mean_mpei_change_pct,mpei_change_lower_95,mpei_change_upper_95
Global,SSP1-2.6,16.01935492444054,1.97104148416638,50.71890913451741,6.548404395168937,0.0,31.430850349547335
Global,SSP2-4.5,8.90659444469144,0.90282509987239,49.0968250892989,3.2073262635747954,-1.3719329094979703e-14,32.15777701870493
Global,SSP5-8.5,2.11388700133688,0.6511760874720299,52.0067545341025,2.3635300482108628,-1.8779150954091152e-14,34.63807181903399
Caribbean,SSP1-2.6,21.91730881568113,2.40888985020297,71.81226427307296,7.68242841062298,0.6332058098543151,30.53074789704777
Caribbean,SSP2-4.5,25.52267635691996,2.26791282746992,73.30840989884344,9.045767430433218,0.5291025634960427,32.06416000828255
Caribbean,SSP5-8.5,17.44893050106269,1.8598046391563299,75.6725830890529,6.260715858445241,0.419567154612593,33.38317862764913
GBR,SSP1-2.6,4.59203684789378,0.28094639667618,22.8903975432643,0.2556496835144929,0.0268992447741335,2.9175280097806358
GBR,SSP2-4.5,6.1958054022341305,0.38921088468939,20.55974363574745,0.400797587196935,0.0240732502901339,2.775048004340761
GBR,SSP5-8.5,5.9892384606261,0.21177404778554001,18.71138605770868,0.7243638819159148,0.008564711780343,1.90135441668299
Southeast Asia,SSP1-2.6,50.866295883332754,3.0874027843245897,87.48041091642943,38.46038483352129,1.6009332237098894,101.06301712913252
Southeast Asia,SSP2-4.5,64.46505951700765,8.458538537714839,92.9068026930733,52.57957287744222,3.252874444126459,140.32283026061043
Southeast Asia,SSP5-8.5,53.318215762952214,6.844821368663109,93.03475174406321,35.46587735809232,1.7479626745111216,125.32854498620074
