member,scenario,region,historical_mpei_burden_kg_m3_km2,future_mpei_burden_kg_m3_km2,historical_mpei_pressure_kg_m3,future_mpei_pressure_kg_m3,dynamic_mpei_burden_change_pct,dynamic_mpei_pressure_change_pct,future_habitat_area_km2,future_hsi_weighted_area_km2
gfdl_esm4_r1i1p1f1_gr,ssp126_2050,Global,0.061938061874776906,0.012481540688510154,2.1509107861751983e-08,2.6538624825673175e-08,-79.84835122263807,23.3831965335243,914159.0397547305,470316.03070991265
gfdl_esm4_r1i1p1f1_gr,ssp126_2050,Caribbean,0.0072494800535182514,0.001895421837551928,1.536389455921068e-08,3.643956390624845e-08,-73.85437543714518,137.17660757052562,104309.16890857025,52015.491799749885
gfdl_esm4_r1i1p1f1_gr,ssp126_2050,GBR,0.0007675854657797006,0.00021463035138598611,5.0893483696690186e-09,1.4374714666172773e-08,-72.03824708067287,182.44705651988255,32198.448055766585,14931.103425034511
gfdl_esm4_r1i1p1f1_gr,ssp126_2050,Southeast_Asia,0.033674533036534074,0.0012302065923751836,3.527285373985518e-08,2.5569182531235537e-08,-96.34677460548448,-27.51030942998343,102135.76653604726,48112.8636346646
cnrm_esm2_1_r1i1p1f2_gn,ssp126_2050,Global,0.061938061874776906,0.024214903319303444,2.1509107861751983e-08,2.9745893916884862e-08,-60.904647988082274,38.294410479849475,1692599.0276997113,814058.6861152684
cnrm_esm2_1_r1i1p1f2_gn,ssp126_2050,Caribbean,0.0072494800535182514,0.004888946089327697,1.536389455921068e-08,3.728001554929434e-08,-32.56142436097829,142.64691094840217,264320.4886716556,131141.20306262153
cnrm_esm2_1_r1i1p1f2_gn,ssp126_2050,GBR,0.0007675854657797006,0.0010604310515291721,5.0893483696690186e-09,1.6376021251803857e-08,38.15152824083294,221.77049127546476,147671.36133413462,64755.10963399386
cnrm_esm2_1_r1i1p1f2_gn,ssp126_2050,Southeast_Asia,0.033674533036534074,0.0047372500225916145,3.527285373985518e-08,4.2356632623441947e-08,-85.93224732336424,20.082806273150304,236635.18321737993,111841.98859023134
ipsl_cm6a_lr_r1i1p1f1_gn,ssp126_2050,Global,0.061938061874776906,0.03740442829901247,2.1509107861751983e-08,3.645347632744627e-08,-39.609947152310376,69.47925763238524,2065824.6912129293,1026086.7293704501
ipsl_cm6a_lr_r1i1p1f1_gn,ssp126_2050,Caribbean,0.0072494800535182514,0.015579321901119724,1.536389455921068e-08,3.907635294137574e-08,114.90261075425553,154.33885132952443,780303.9203924463,398689.25138670404
ipsl_cm6a_lr_r1i1p1f1_gn,ssp126_2050,GBR,0.0007675854657797006,0.0012518523063151875,5.0893483696690186e-09,1.651285815185029e-08,63.089631334222396,224.45918322789504,162859.90212073512,75810.75879192456
ipsl_cm6a_lr_r1i1p1f1_gn,ssp126_2050,Southeast_Asia,0.033674533036534074,0.005392131517261556,3.527285373985518e-08,4.9865259924198016e-08,-83.98750916185968,41.37007538988749,232889.90917530455,108134.03009346247
gfdl_esm4_r1i1p1f1_gr,ssp245_2050,Global,0.061938061874776906,0.01217674815309822,2.1509107861751983e-08,2.5213812824569418e-08,-80.34044368757208,17.223889464077825,929730.7793093941,482939.57910374727
gfdl_esm4_r1i1p1f1_gr,ssp245_2050,Caribbean,0.0072494800535182514,0.0019200221354509148,1.536389455921068e-08,3.581085577302067e-08,-73.51503664708882,133.08449322539775,105763.28687287575,53615.64514460525
gfdl_esm4_r1i1p1f1_gr,ssp245_2050,GBR,0.0007675854657797006,0.00021730648348189065,5.0893483696690186e-09,1.4339338350537292e-08,-71.68960419786553,181.75195150710104,32304.613107903042,15154.568374749888
gfdl_esm4_r1i1p1f1_gr,ssp245_2050,Southeast_Asia,0.033674533036534074,0.0008256120007180014,3.527285373985518e-08,2.2454654665802936e-08,-97.54825998679097,-36.34012481266527,77519.81599525333,36767.96695410141
cnrm_esm2_1_r1i1p1f2_gn,ssp245_2050,Global,0.061938061874776906,0.01813426719952109,2.1509107861751983e-08,2.9153739336494264e-08,-70.72193308827778,35.54136937653351,1277626.1490013427,622021.9982834536
cnrm_esm2_1_r1i1p1f2_gn,ssp245_2050,Caribbean,0.0072494800535182514,0.004870223310516958,1.536389455921068e-08,3.845208592222459e-08,-32.819688107792146,150.27564315828047,254042.79219655407,126656.93404430007
cnrm_esm2_1_r1i1p1f2_gn,ssp245_2050,GBR,0.0007675854657797006,0.001138180598448598,5.0893483696690186e-09,1.6520545825317435e-08,48.280634429737816,224.61023740828793,153187.48746163803,68894.85435186754
cnrm_esm2_1_r1i1p1f2_gn,ssp245_2050,Southeast_Asia,0.033674533036534074,0.0021221818968636414,3.527285373985518e-08,3.8454679755927026e-08,-93.69796191513258,9.020608424649996,115067.89171529685,55186.57053792131
ipsl_cm6a_lr_r1i1p1f1_gn,ssp245_2050,Global,0.061938061874776906,0.03198789608974742,2.1509107861751983e-08,3.7071282753074486e-08,-48.355025776526794,72.35155912252195,1707706.2908922555,862875.3502492309
ipsl_cm6a_lr_r1i1p1f1_gn,ssp245_2050,Caribbean,0.0072494800535182514,0.016242150615445025,1.536389455921068e-08,3.904674374313901e-08,124.04573149439224,154.146131976221,809316.0366422471,415966.840213122
ipsl_cm6a_lr_r1i1p1f1_gn,ssp245_2050,GBR,0.0007675854657797006,0.000992739313150475,5.0893483696690186e-09,1.6504380415947307e-08,29.332739793615932,224.29260520479272,128157.67647398346,60150.05035822149
ipsl_cm6a_lr_r1i1p1f1_gn,ssp245_2050,Southeast_Asia,0.033674533036534074,0.0017849030426254856,3.527285373985518e-08,4.192461431160097e-08,-94.69954626931572,18.858016481467434,87986.18839251754,42574.107643766314
gfdl_esm4_r1i1p1f1_gr,ssp585_2050,Global,0.061938061874776906,0.009010963480282375,2.1509107861751983e-08,2.401916465570345e-08,-85.45165410809874,11.669739210406348,728440.5318359255,375157.2383739284
gfdl_esm4_r1i1p1f1_gr,ssp585_2050,Caribbean,0.0072494800535182514,0.0015722227117031117,1.536389455921068e-08,3.3788712686682477e-08,-78.3126141447883,119.92283633856424,90470.85873338408,46531.00360117565
gfdl_esm4_r1i1p1f1_gr,ssp585_2050,GBR,0.0007675854657797006,0.000202673272646225,5.0893483696690186e-09,1.4484067037681673e-08,-73.59599918422728,184.59570824434707,29627.879989403817,13992.84276432519
gfdl_esm4_r1i1p1f1_gr,ssp585_2050,Southeast_Asia,0.033674533036534074,0.0004719103907699781,3.527285373985518e-08,2.9096405274143052e-08,-98.59861340836414,-17.510486991681343,33667.85098898265,16218.855433298086
cnrm_esm2_1_r1i1p1f2_gn,ssp585_2050,Global,0.061938061874776906,0.01163747656034075,2.1509107861751983e-08,3.318037984340669e-08,-81.2111063728975,54.26199941285731,703949.4666467921,350733.67499899934
cnrm_esm2_1_r1i1p1f2_gn,ssp585_2050,Caribbean,0.0072494800535182514,0.0036612441088450355,1.536389455921068e-08,3.9617130032123094e-08,-49.496459307199636,157.85864306373128,183365.38407839136,92415.68245545191
cnrm_esm2_1_r1i1p1f2_gn,ssp585_2050,GBR,0.0007675854657797006,0.0004433422931530579,5.0893483696690186e-09,1.6370514822547672e-08,-42.241963544382884,221.6622961027978,57472.333029546004,27081.75631363941
cnrm_esm2_1_r1i1p1f2_gn,ssp585_2050,Southeast_Asia,0.033674533036534074,0.0012605432386130887,3.527285373985518e-08,4.8810198156582804e-08,-96.25668680469747,38.378931618542765,53744.23241927673,25825.407112039866
ipsl_cm6a_lr_r1i1p1f1_gn,ssp585_2050,Global,0.061938061874776906,0.027004815452481783,2.1509107861751983e-08,3.821741625415632e-08,-56.400289845880735,77.68015530814023,1384622.3665900691,706610.1819362234
ipsl_cm6a_lr_r1i1p1f1_gn,ssp585_2050,Caribbean,0.0072494800535182514,0.01658339220790922,1.536389455921068e-08,3.9549763564258165e-08,128.75284965935066,157.42017046418755,815636.2541974371,419304.45882351446
ipsl_cm6a_lr_r1i1p1f1_gn,ssp585_2050,GBR,0.0007675854657797006,0.0006547585816728863,5.0893483696690186e-09,1.6585808080114453e-08,-14.698934403637605,225.8925676803904,81325.39168818714,39477.038351716415
ipsl_cm6a_lr_r1i1p1f1_gn,ssp585_2050,Southeast_Asia,0.033674533036534074,0.0005375912100950409,3.527285373985518e-08,4.160157371626795e-08,-98.4035674391927,17.942183025758087,26143.128733635218,12922.37677741552
