scenario,region,dynamic_mpei_burden_change_pct_mean,dynamic_mpei_burden_change_pct_min,dynamic_mpei_burden_change_pct_max,dynamic_mpei_pressure_change_pct_mean,dynamic_mpei_pressure_change_pct_min,dynamic_mpei_pressure_change_pct_max,historical_mpei_burden_kg_m3_km2_mean,historical_mpei_burden_kg_m3_km2_min,historical_mpei_burden_kg_m3_km2_max,future_mpei_burden_kg_m3_km2_mean,future_mpei_burden_kg_m3_km2_min,future_mpei_burden_kg_m3_km2_max,historical_mpei_pressure_kg_m3_mean,historical_mpei_pressure_kg_m3_min,historical_mpei_pressure_kg_m3_max,future_mpei_pressure_kg_m3_mean,future_mpei_pressure_kg_m3_min,future_mpei_pressure_kg_m3_max,future_habitat_area_km2_mean,future_habitat_area_km2_min,future_habitat_area_km2_max,future_hsi_weighted_area_km2_mean,future_hsi_weighted_area_km2_min,future_hsi_weighted_area_km2_max
ssp126_2050,Global,-60.120982121010236,-79.84835122263807,-39.609947152310376,43.71895488191967,23.3831965335243,69.47925763238524,0.061938061874776906,0.061938061874776906,0.061938061874776906,0.024700290768942024,0.012481540688510154,0.03740442829901247,2.1509107861751983e-08,2.1509107861751983e-08,2.1509107861751983e-08,3.091266502333477e-08,2.6538624825673175e-08,3.645347632744627e-08,1557527.586222457,914159.0397547305,2065824.6912129293,770153.8153985437,470316.03070991265,1026086.7293704501
ssp126_2050,Caribbean,2.8289369853773536,-73.85437543714518,114.90261075425553,144.72078994948407,137.17660757052562,154.33885132952443,0.0072494800535182514,0.0072494800535182514,0.0072494800535182514,0.007454563275999783,0.001895421837551928,0.015579321901119724,1.536389455921068e-08,1.536389455921068e-08,1.536389455921068e-08,3.759864413230618e-08,3.643956390624845e-08,3.907635294137574e-08,382977.85932422406,104309.16890857025,780303.9203924463,193948.6487496918,52015.491799749885,398689.25138670404
ssp126_2050,GBR,9.734304164794153,-72.03824708067287,63.089631334222396,209.5589103410808,182.44705651988255,224.45918322789504,0.0007675854657797006,0.0007675854657797006,0.0007675854657797006,0.0008423045697434486,0.00021463035138598611,0.0012518523063151875,5.0893483696690186e-09,5.0893483696690186e-09,5.0893483696690186e-09,1.5754531356608974e-08,1.4374714666172773e-08,1.651285815185029e-08,114243.2371702121,32198.448055766585,162859.90212073512,51832.32395031764,14931.103425034511,75810.75879192456
ssp126_2050,Southeast_Asia,-88.75551036356946,-96.34677460548448,-83.98750916185968,11.314190744351455,-27.51030942998343,41.37007538988749,0.033674533036534074,0.033674533036534074,0.033674533036534074,0.003786529377409451,0.0012302065923751836,0.005392131517261556,3.527285373985518e-08,3.527285373985518e-08,3.527285373985518e-08,3.92636916929585e-08,2.5569182531235537e-08,4.9865259924198016e-08,190553.61964291058,102135.76653604726,236635.18321737993,89362.96077278613,48112.8636346646,111841.98859023134
ssp245_2050,Global,-66.47246751745888,-80.34044368757208,-48.355025776526794,41.705605987711095,17.223889464077825,72.35155912252195,0.061938061874776906,0.061938061874776906,0.061938061874776906,0.02076630381412224,0.01217674815309822,0.03198789608974742,2.1509107861751983e-08,2.1509107861751983e-08,2.1509107861751983e-08,3.0479611638046054e-08,2.5213812824569418e-08,3.7071282753074486e-08,1305021.0730676642,929730.7793093941,1707706.2908922555,655945.6425454773,482939.57910374727,862875.3502492309
ssp245_2050,Caribbean,5.903668913170425,-73.51503664708882,124.04573149439224,145.83542278663307,133.08449322539775,154.146131976221,0.0072494800535182514,0.0072494800535182514,0.0072494800535182514,0.0076774653538043,0.0019200221354509148,0.016242150615445025,1.536389455921068e-08,1.536389455921068e-08,1.536389455921068e-08,3.776989514612809e-08,3.581085577302067e-08,3.904674374313901e-08,389707.3719038923,105763.28687287575,809316.0366422471,198746.47313400908,53615.64514460525,415966.840213122
ssp245_2050,GBR,1.9745900084960712,-71.68960419786553,48.280634429737816,210.21826470672724,181.75195150710104,224.61023740828793,0.0007675854657797006,0.0007675854657797006,0.0007675854657797006,0.0007827421316936546,0.00021730648348189065,0.001138180598448598,5.0893483696690186e-09,5.0893483696690186e-09,5.0893483696690186e-09,1.5788088197267343e-08,1.4339338350537292e-08,1.6520545825317435e-08,104549.92568117485,32304.613107903042,153187.48746163803,48066.49102827964,15154.568374749888,68894.85435186754
ssp245_2050,Southeast_Asia,-95.31525605707975,-97.54825998679097,-93.69796191513258,-2.820499968849281,-36.34012481266527,18.858016481467434,0.033674533036534074,0.033674533036534074,0.033674533036534074,0.0015775656467357096,0.0008256120007180014,0.0021221818968636414,3.527285373985518e-08,3.527285373985518e-08,3.527285373985518e-08,3.4277982911110307e-08,2.2454654665802936e-08,4.192461431160097e-08,93524.6320343559,77519.81599525333,115067.89171529685,44842.88171192968,36767.96695410141,55186.57053792131
ssp585_2050,Global,-74.354350108959,-85.45165410809874,-56.400289845880735,47.87063131046796,11.669739210406348,77.68015530814023,0.061938061874776906,0.061938061874776906,0.061938061874776906,0.015884418497701638,0.009010963480282375,0.027004815452481783,2.1509107861751983e-08,2.1509107861751983e-08,2.1509107861751983e-08,3.1805653584422153e-08,2.401916465570345e-08,3.821741625415632e-08,939004.1216909289,703949.4666467921,1384622.3665900691,477500.36510305037,350733.67499899934,706610.1819362234
ssp585_2050,Caribbean,0.31459206912091037,-78.3126141447883,128.75284965935066,145.06721662216103,119.92283633856424,157.85864306373128,0.0072494800535182514,0.0072494800535182514,0.0072494800535182514,0.007272286342819123,0.0015722227117031117,0.01658339220790922,1.536389455921068e-08,1.536389455921068e-08,1.536389455921068e-08,3.765186876102125e-08,3.3788712686682477e-08,3.9617130032123094e-08,363157.4990030709,90470.85873338408,815636.2541974371,186083.71496004736,46531.00360117565,419304.45882351446
ssp585_2050,GBR,-43.51229904408259,-73.59599918422728,-14.698934403637605,210.71685734251176,184.59570824434707,225.8925676803904,0.0007675854657797006,0.0007675854657797006,0.0007675854657797006,0.00043359138249072306,0.000202673272646225,0.0006547585816728863,5.0893483696690186e-09,5.0893483696690186e-09,5.0893483696690186e-09,1.5813463313447933e-08,1.4484067037681673e-08,1.6585808080114453e-08,56141.86823571232,29627.879989403817,81325.39168818714,26850.545809893676,13992.84276432519,39477.038351716415
ssp585_2050,Southeast_Asia,-97.75295588408477,-98.59861340836414,-96.25668680469747,12.936875884206502,-17.510486991681343,38.378931618542765,0.033674533036534074,0.033674533036534074,0.033674533036534074,0.0007566816131593692,0.0004719103907699781,0.0012605432386130887,3.527285373985518e-08,3.527285373985518e-08,3.527285373985518e-08,3.9836059048997934e-08,2.9096405274143052e-08,4.8810198156582804e-08,37851.73738063153,26143.128733635218,53744.23241927673,18322.21310758449,12922.37677741552,25825.407112039866
