region,scenario,candidate_reef_area_km2,mpa_budget_km2,total_area_weighted_suitability_support,existing_mpa_selected_area_km2,existing_mpa_captured_co_suitability_fraction,existing_mpa_mean_future_mpei_kg_m3,existing_mpa_mpei_supported_selected_area_fraction,existing_mpa_mpei_supported_captured_co_suitability_fraction,climate_priority_selected_area_km2,climate_priority_captured_co_suitability_fraction,climate_priority_mean_future_mpei_kg_m3,climate_priority_mpei_supported_selected_area_fraction,climate_priority_mpei_supported_captured_co_suitability_fraction,future_mpei_priority_selected_area_km2,future_mpei_priority_captured_co_suitability_fraction,future_mpei_priority_mean_future_mpei_kg_m3,future_mpei_priority_mpei_supported_selected_area_fraction,future_mpei_priority_mpei_supported_captured_co_suitability_fraction,future_mpei_vs_climate_co_suitability_retained_fraction,future_mpei_vs_climate_mean_mpei_change_pct,future_mpei_vs_existing_mean_mpei_change_pct,future_mpei_vs_climate_area_changed_fraction,maximum_area_budget_closure_error_km2
Global,ssp126_2050,50252.85648115752,28708.041714586958,31197.73059465953,28708.041714586958,0.59183629274788896,2.0922198119668719e-08,0.96066954437586793,0.95405657341257266,28708.041714586951,0.70595799207036747,2.3615667739914998e-08,0.9101922359598198,0.8992163562145099,28708.041714586961,0.70595799207036769,2.5162117164144084e-08,0.94765739495425005,0.93177287999381242,1.0000000000000002,6.5484043951689372,20.265170132814418,0.16019354924440543,7.2759576141834259e-12
Global,ssp245_2050,45919.711150758551,27300.693903603882,27966.427410701301,27300.693903603882,0.61496768669715807,2.05893291375325e-08,0.95861916704084904,0.95314559952857014,27300.693903603878,0.74493045052262941,2.3871878042318197e-08,0.91596190857640725,0.90388102807968651,27300.693903603882,0.74493045052262952,2.4637527056378013e-08,0.94803224720728618,0.93189877798378762,1.0000000000000002,3.2073262635747954,19.661630992464012,0.089065944446914402,3.637978807091713e-12
Global,ssp585_2050,35628.190442270177,20985.528881763315,20692.921969190258,20985.528881763315,0.61575417486403283,2.0800585027529483e-08,0.94325305704979889,0.92800787278382857,20985.528881763315,0.76412769573563422,2.4584025595069483e-08,0.88724925509743813,0.86631874989299285,20985.528881763312,0.76412769573563422,2.5165076427068799e-08,0.89024943474462459,0.86764601648672202,1,2.3635300482108628,20.982541566801757,0.021138870013368893,3.637978807091713e-12
Caribbean,ssp126_2050,6530.9769293088248,2509.1456466044892,3629.5088788155435,2509.1456466044892,0.37758325219546096,3.9153222140544985e-08,1,1,2509.1456466044892,0.55143792504971367,4.230109996314078e-08,1,1,2509.1456466044892,0.55143792504971367,4.5550851684715134e-08,1,1,1,7.6824284106229799,16.339982240044314,0.21917308815681136,0
Caribbean,ssp245_2050,6587.6338758728198,2440.7081008941359,3682.0994725785245,2440.7081008941359,0.36381301268208838,3.9329336221424023e-08,1,1,2440.7081008941354,0.52763861903406517,4.2619981466681204e-08,1,1,2440.7081008941354,0.52763861903406517,4.6475285869050926e-08,1,1,1,9.0457674304332176,18.169515008835216,0.2552267635691996,4.5474735088646412e-13
Caribbean,ssp585_2050,6678.1284179575732,2423.4145753627913,3383.7348428125092,2423.4145753627913,0.34154889517450748,3.9884909794738023e-08,1,1,2423.4145753627913,0.52740557208703787,4.4319471491736887e-08,1,1,2423.4145753627909,0.52740557208703798,4.7094187671799176e-08,1,1,1.0000000000000002,6.2607158584452414,18.075201659381126,0.17448930501062698,4.5474735088646412e-13
GBR,ssp126_2050,21327.742310348345,19115.917211607706,14468.335785042871,19115.917211607706,0.90505133947851457,1.6086483585316096e-08,1,1,19115.91721160771,0.94904216740146918,1.5923025849897452e-08,1,1,19115.917211607702,0.94904216740146907,1.5963733015088645e-08,1,1,0.99999999999999989,0.25564968351449296,-0.76306651839994855,0.045920368478937879,3.637978807091713e-12
GBR,ssp245_2050,20854.658835306131,18921.709649134653,13731.580917287403,18921.709649134653,0.91854165590942749,1.6038309103970512e-08,1,1,18921.709649134653,0.95307777019473938,1.5895374021571925e-08,1,1,18921.709649134653,0.95307777019473927,1.5959082297126314e-08,1,1,0.99999999999999989,0.40079758719693503,-0.49398478561922898,0.061958054022341336,0
GBR,ssp585_2050,15266.626461506932,14138.871756781979,9639.0435287422806,14138.871756781979,0.95018308900186976,1.5788901496288351e-08,1,1,14138.871756781979,0.96100046298293162,1.5714231409616969e-08,1,1,14138.871756781979,0.96100046298293174,1.5828059626268921e-08,1,1,1.0000000000000002,0.72436388191591483,0.24801047742159035,0.059892384606261007,0
Southeast Asia,ssp126_2050,4665.8554886650963,830.04508620718423,2386.1379430544794,830.04508620718423,0.1518545386794462,3.5096312967766481e-08,1,1,830.04508620718434,0.26369340444641276,2.8148388557714017e-08,1,1,830.04508620718423,0.26369340444641276,3.8974367121445701e-08,1,1,1,38.460384833521289,11.049748038322265,0.50866295883332757,1.1368683772161603e-13
Southeast Asia,ssp245_2050,2953.2149067518167,331.43031973039467,1561.3379976554804,331.43031973039467,0.098515607634350633,3.7341172672027469e-08,1,1,331.43031973039461,0.15780353143146678,2.947339961609984e-08,1,1,331.43031973039467,0.1578035314314668,4.4970387246706829e-08,1,1,1.0000000000000002,52.579572877442217,20.431106011821793,0.6446505951700765,5.6843418860808015e-14
Southeast Asia,ssp585_2050,1519.2035896896673,178.24745984254844,656.30919895561067,178.24745984254844,0.12225469531547886,4.3464531498991409e-08,1,1,178.24745984254841,0.19218130732285932,3.2368881055265275e-08,1,1,178.24745984254841,0.19218130732285929,4.3848788712512438e-08,1,1,0.99999999999999989,35.465877358092321,0.884070759004836,0.53318215762952215,2.8421709430404007e-14
