region,response,mhw_group,group_order,mean_unit_hsi_weighted_mpei_index,contrast_vs_low_pct,ci95_low_pct,ci95_high_pct,ci95_excludes_zero
Global,Acropora,Low MHW (reference),0,1.4686137498501818e-08,0.0,0.0,0.0,False
Global,Acropora,Middle MHW,1,1.4664007773330573e-08,-0.1506844476534599,-0.8720999562088407,1.1357489928468352,False
Global,Acropora,High MHW,2,1.4696140279299582e-08,0.0681103578036373,-0.4976785051442705,1.2569503908451911,False
Global,Lobophora,Low MHW (reference),0,2.3507096603190738e-08,0.0,0.0,0.0,False
Global,Lobophora,Middle MHW,1,2.320695420340651e-08,-1.2768161242996163,-3.993297753110215,-0.126977261736342,True
Global,Lobophora,High MHW,2,2.2328083427230213e-08,-5.015562729258935,-5.617364486921872,-1.5688096751149658,True
Global,Scarus,Low MHW (reference),0,1.4439330054189832e-08,0.0,0.0,0.0,False
Global,Scarus,Middle MHW,1,1.448268962927076e-08,0.3002879975608402,-0.6843598303262113,1.224996430718083,False
Global,Scarus,High MHW,2,1.4540639140935862e-08,0.7016190250227834,-0.5240682384961429,1.691460470650291,False
Global,Cephalopholis,Low MHW (reference),0,1.7415744557874838e-08,0.0,0.0,0.0,False
Global,Cephalopholis,Middle MHW,1,1.7479387082612008e-08,0.3654309726792201,-0.4745792928840009,1.2290310268532894,False
Global,Cephalopholis,High MHW,2,1.7541681059720455e-08,0.723118678200139,-0.444113364448828,1.7012773046973286,False
Global,community,Low MHW (reference),0,1.3978061488736086e-08,0.0,0.0,0.0,False
Global,community,Middle MHW,1,1.397580140782266e-08,-0.0161687721523341,-0.6088937910153539,0.7904260840105393,False
Global,community,High MHW,2,1.3987345787888598e-08,0.0664205058762516,-0.5354121086254487,0.8633315598570768,False
Caribbean,Acropora,Low MHW (reference),0,1.0640008440534872e-08,0.0,0.0,0.0,False
Caribbean,Acropora,Middle MHW,1,1.0649595592046486e-08,0.0901047359614129,-0.3103323650622659,0.4821743579796642,False
Caribbean,Acropora,High MHW,2,1.0608313124314649e-08,-0.2978880740307766,-0.9838191295497132,0.3345134217859292,False
Caribbean,Lobophora,Low MHW (reference),0,1.0229203513327951e-08,0.0,0.0,0.0,False
Caribbean,Lobophora,Middle MHW,1,1.0186723926979704e-08,-0.4152775559983718,-1.424997996253877,0.4255305115035168,False
Caribbean,Lobophora,High MHW,2,1.0102053098631432e-08,-1.243013833196785,-2.161538301737416,0.3591874643853848,False
Caribbean,Scarus,Low MHW (reference),0,1.0266293238397438e-08,0.0,0.0,0.0,False
Caribbean,Scarus,Middle MHW,1,1.0285175564089976e-08,0.183925446644336,-0.1664544732529481,0.3654816242495291,False
Caribbean,Scarus,High MHW,2,1.0278534861371861e-08,0.1192409245494393,-0.14900372665281,0.3721373844774522,False
Caribbean,Cephalopholis,Low MHW (reference),0,1.0118752073664415e-08,0.0,0.0,0.0,False
Caribbean,Cephalopholis,Middle MHW,1,1.013837193818734e-08,0.1938960889652367,-0.0092027349529871,0.3285523105243177,False
Caribbean,Cephalopholis,High MHW,2,1.0147816090866538e-08,0.2872292649383579,0.1223751555449376,0.3670414738991316,True
Caribbean,community,Low MHW (reference),0,1.0741788770056576e-08,0.0,0.0,0.0,False
Caribbean,community,Middle MHW,1,1.0738419613795604e-08,-0.0313649461285655,-0.2269185183868119,0.0978987111610741,False
Caribbean,community,High MHW,2,1.0706039196042024e-08,-0.3328083876887071,-0.634968686897271,0.0371460948973036,False
GBR,Acropora,Low MHW (reference),0,1.8542940738725862e-08,0.0,0.0,0.0,False
GBR,Acropora,Middle MHW,1,1.853833688530559e-08,-0.0248280652197586,-0.1964354659554892,0.1901705430050876,False
GBR,Acropora,High MHW,2,1.8560961841005e-08,0.0971857837063764,-0.124479011976883,0.2618911065621957,False
GBR,Lobophora,Low MHW (reference),0,1.8936905954618942e-08,0.0,0.0,0.0,False
GBR,Lobophora,Middle MHW,1,1.8886366457268333e-08,-0.2668836053351059,-0.5690954994737514,0.0961054476451286,False
GBR,Lobophora,High MHW,2,1.8905840631058213e-08,-0.1640464584614565,-0.3580757758913082,0.233210974590662,False
GBR,Scarus,Low MHW (reference),0,1.9244889060815886e-08,0.0,0.0,0.0,False
GBR,Scarus,Middle MHW,1,1.926680397520616e-08,0.113873945030419,-0.0500404809450486,0.2335226746327786,False
GBR,Scarus,High MHW,2,1.9296428142676884e-08,0.2678065937305846,0.0665239074728883,0.4007177402223671,True
GBR,Cephalopholis,Low MHW (reference),0,2.0017205734160016e-08,0.0,0.0,0.0,False
GBR,Cephalopholis,Middle MHW,1,2.005715440596889e-08,0.1995716701892175,-0.0480534813721991,0.3728505776736944,False
GBR,Cephalopholis,High MHW,2,2.0104778722206187e-08,0.4374885746252052,0.1207227982926697,0.6496297681551884,True
GBR,community,Low MHW (reference),0,1.8478565922273243e-08,0.0,0.0,0.0,False
GBR,community,Middle MHW,1,1.847290398452084e-08,-0.0306405690582986,-0.1280426041824741,0.1185971913560801,False
GBR,community,High MHW,2,1.8493290863392762e-08,0.0796866011218462,-0.0345249168753242,0.1919758068002226,False
Southeast Asia,Acropora,Low MHW (reference),0,1.6910827132588442e-08,0.0,0.0,0.0,False
Southeast Asia,Acropora,Middle MHW,1,1.695598388700999e-08,0.2670286560645642,-0.307167488087831,1.450705944290501,False
Southeast Asia,Acropora,High MHW,2,1.7241391226040077e-08,1.954748226446096,0.8654064681062548,2.661459323276702,True
Southeast Asia,Lobophora,Low MHW (reference),0,3.120756792732841e-08,0.0,0.0,0.0,False
Southeast Asia,Lobophora,Middle MHW,1,3.1534965283178026e-08,1.0490960289248148,-0.5166132717786597,3.388677518502057,False
Southeast Asia,Lobophora,High MHW,2,3.2172636656469774e-08,3.0924189010456287,0.6629201125227512,5.658854638623702,True
Southeast Asia,Scarus,Low MHW (reference),0,1.5894108125679038e-08,0.0,0.0,0.0,False
Southeast Asia,Scarus,Middle MHW,1,1.5966863435683112e-08,0.4577501891189804,-0.1015587312452206,1.1959607335458184,False
Southeast Asia,Scarus,High MHW,2,1.6085709072274813e-08,1.205484101912047,0.4145365064155116,1.888035580811672,True
Southeast Asia,Cephalopholis,Low MHW (reference),0,1.7813953007694505e-08,0.0,0.0,0.0,False
Southeast Asia,Cephalopholis,Middle MHW,1,1.7835805516177612e-08,0.1226707428366122,-0.2927912879981865,0.6875382123100994,False
Southeast Asia,Cephalopholis,High MHW,2,1.7927648867299333e-08,0.6382404823663498,0.0875326070221251,1.0465999393875445,True
Southeast Asia,community,Low MHW (reference),0,1.6904416943356052e-08,0.0,0.0,0.0,False
Southeast Asia,community,Middle MHW,1,1.6963052588865194e-08,0.3468658262844766,-0.125879422027775,1.116283097583164,False
Southeast Asia,community,High MHW,2,1.7131560155007472e-08,1.3436914885177238,0.6835123578716482,1.9034053941960387,True
